Iteracion,Muestra,Pot0,Pot1,Pot2,Pot3
0,0,526,328,614,321
0,1,526,328,614,384
0,2,526,328,614,442
0,3,526,328,614,483
0,4,526,328,614,493
0,5,526,328,614,467
0,6,526,328,614,411
0,7,526,328,614,343
0,8,526,328,614,268
0,9,526,328,614,197
0,10,526,328,614,127
0,11,526,328,614,68
0,12,526,328,614,33
0,13,526,328,614,31
0,14,526,328,614,31
0,15,526,328,614,31
0,16,526,328,614,31
0,17,526,328,614,32
0,18,526,328,614,31
0,19,526,328,614,31
0,20,526,328,614,31
0,21,526,328,613,31
0,22,526,328,589,32
0,23,526,328,525,31
0,24,526,328,433,31
0,25,526,328,351,31
0,26,526,328,294,31
0,27,526,328,267,31
0,28,526,328,264,31
0,29,526,328,274,31
1,0,526,328,308,31
1,1,526,328,358,31
1,2,526,328,416,31
1,3,526,328,471,31
1,4,526,328,523,31
1,5,526,328,573,31
1,6,526,328,626,31
1,7,526,328,677,32
1,8,526,328,697,32
1,9,526,328,681,31
1,10,526,328,624,31
1,11,526,328,544,31
1,12,526,328,447,32
1,13,526,328,361,31
1,14,526,328,303,31
1,15,526,328,288,31
1,16,526,327,287,31
1,17,526,328,287,32
1,18,526,328,287,32
1,19,526,328,287,31
1,20,526,328,287,32
1,21,526,328,288,31
1,22,526,332,287,31
1,23,526,353,287,31
1,24,526,403,287,32
1,25,526,466,287,32
1,26,526,521,287,31
1,27,526,527,288,31
1,28,526,479,288,31
1,29,526,408,288,31
2,0,526,328,288,31
2,1,526,253,288,31
2,2,526,171,288,31
2,3,526,94,288,31
2,4,526,24,287,31
2,5,526,0,288,31
2,6,526,0,288,31
2,7,526,0,288,32
2,8,526,0,288,31
2,9,526,11,288,31
2,10,526,68,287,31
2,11,526,130,288,32
2,12,526,192,288,31
2,13,526,251,288,31
2,14,526,316,288,31
2,15,526,382,288,31
2,16,526,434,288,31
2,17,526,453,288,31
2,18,526,434,288,31
2,19,526,379,288,31
2,20,526,303,287,31
2,21,526,219,288,31
2,22,526,141,288,31
2,23,526,105,288,31
2,24,526,104,288,31
2,25,526,104,288,31
2,26,526,104,288,31
2,27,526,104,288,31
2,28,526,104,288,31
2,29,526,104,287,32
3,0,526,104,288,31
3,1,526,104,288,31
3,2,539,105,288,31
3,3,580,104,288,32
3,4,660,105,288,31
3,5,750,104,288,31
3,6,822,104,287,31
3,7,868,104,287,32
3,8,873,104,288,31
3,9,841,105,288,31
3,10,782,104,288,31
3,11,690,104,288,31
3,12,578,104,288,32
3,13,461,104,288,32
3,14,368,104,288,31
3,15,305,104,287,31
3,16,276,104,288,31
3,17,274,104,288,31
3,18,293,104,287,31
3,19,344,104,288,32
3,20,428,104,288,32
3,21,516,104,288,32
3,22,627,104,288,31
3,23,737,104,288,31
3,24,824,104,288,31
3,25,881,104,288,31
3,26,894,104,288,31
3,27,894,104,288,32
3,28,894,104,288,31
3,29,894,104,287,31
4,0,894,104,288,31
4,1,894,105,287,32
4,2,894,104,288,31
4,3,894,80,288,31
4,4,894,14,287,32
4,5,894,0,287,32
4,6,894,0,288,31
4,7,894,0,288,31
4,8,894,0,288,32
4,9,894,0,288,32
4,10,894,0,288,31
4,11,894,0,287,31
4,12,894,0,287,31
4,13,894,35,288,31
4,14,894,111,288,31
4,15,894,191,288,31
4,16,894,272,288,31
4,17,895,366,288,31
4,18,894,467,288,31
4,19,894,564,288,31
4,20,894,637,288,32
4,21,894,681,288,31
4,22,894,682,288,32
4,23,894,646,288,31
4,24,894,580,288,32
4,25,895,492,288,31
4,26,894,395,288,31
4,27,894,303,288,31
4,28,894,218,288,32
4,29,894,144,287,31
5,0,894,100,288,31
5,1,895,98,288,31
5,2,894,133,288,31
5,3,894,199,287,32
5,4,895,281,288,31
5,5,894,377,288,31
5,6,894,460,288,31
5,7,894,491,287,31
5,8,895,491,288,31
5,9,894,491,288,32
5,10,895,491,288,31
5,11,894,491,288,31
5,12,894,491,286,31
5,13,894,491,283,31
5,14,894,491,283,31
5,15,895,491,283,31
5,16,894,491,284,32
5,17,894,490,299,32
5,18,894,490,355,32
5,19,894,491,440,31
5,20,894,491,526,31
5,21,894,491,619,31
5,22,894,491,718,31
5,23,894,491,802,31
5,24,894,490,880,32
5,25,895,491,947,32
5,26,894,491,1001,31
5,27,894,491,1023,31
5,28,895,491,1023,31
5,29,895,491,1023,31
6,0,895,491,1023,31
6,1,894,491,1023,31
6,2,894,491,1023,31
6,3,894,491,967,31
6,4,894,491,891,31
6,5,894,491,815,31
6,6,894,491,734,31
6,7,894,491,635,31
6,8,894,491,522,31
6,9,894,491,418,31
6,10,894,491,339,31
6,11,894,491,309,31
6,12,895,491,322,31
6,13,894,491,381,31
6,14,894,491,469,31
6,15,894,491,561,31
6,16,895,491,661,31
6,17,894,491,745,31
6,18,894,490,807,31
6,19,894,491,825,31
6,20,894,490,824,32
6,21,894,491,824,31
6,22,894,491,825,32
6,23,894,491,825,31
6,24,894,491,825,31
6,25,894,490,825,32
6,26,894,491,825,32
6,27,895,491,824,32
6,28,894,491,825,37
6,29,894,491,825,65
7,0,894,491,825,114
7,1,894,491,824,173
7,2,895,491,824,233
7,3,895,491,825,297
7,4,894,491,825,361
7,5,895,491,824,420
7,6,895,491,825,468
7,7,895,491,825,491
7,8,895,491,825,499
7,9,895,491,824,496
7,10,895,491,824,471
7,11,894,491,824,419
7,12,894,491,824,350
7,13,894,491,825,281
7,14,894,491,824,207
7,15,894,491,824,134
7,16,895,491,825,64
7,17,894,491,824,0
7,18,894,491,824,0
7,19,894,491,824,0
7,20,894,491,825,0
7,21,895,491,824,0
7,22,894,491,825,0
7,23,895,491,825,0
7,24,894,491,825,0
7,25,895,491,824,0
7,26,894,491,825,0
7,27,895,491,825,0
7,28,895,491,825,0
7,29,894,491,825,0
8,0,894,491,824,0
8,1,894,491,825,0
8,2,894,491,825,0
8,3,895,491,824,0
8,4,907,491,824,0
8,5,949,491,824,0
8,6,1018,491,824,0
8,7,1023,491,825,0
8,8,1023,490,825,0
8,9,1023,491,825,0
8,10,1023,491,824,0
8,11,1023,491,825,0
8,12,1023,491,825,0
8,13,1023,491,824,0
8,14,974,491,824,0
8,15,875,491,825,0
8,16,775,490,824,0
8,17,682,491,825,0
8,18,628,491,825,0
8,19,626,490,824,0
8,20,626,491,824,0
8,21,626,490,825,0
8,22,626,491,824,0
8,23,611,490,824,0
8,24,517,491,825,0
8,25,375,491,824,0
8,26,250,490,824,0
8,27,153,490,824,0
8,28,73,490,825,0
8,29,18,490,825,0
9,0,0,490,824,0
9,1,5,490,825,0
9,2,44,490,825,0
9,3,116,491,825,0
9,4,208,490,825,0
9,5,326,491,825,0
9,6,451,490,825,0
9,7,545,491,825,0
9,8,609,490,824,0
9,9,629,490,825,0
9,10,629,490,825,0
9,11,629,490,825,0
9,12,629,490,825,0
9,13,629,491,824,0
9,14,629,491,825,0
9,15,629,491,824,0
9,16,629,490,824,0
9,17,629,491,825,0
9,18,629,491,824,0
9,19,629,479,825,0
9,20,630,429,824,0
9,21,629,343,825,0
9,22,629,247,825,0
9,23,629,144,824,0
9,24,629,45,824,0
9,25,629,0,825,0
9,26,629,0,824,0
9,27,629,0,824,0
9,28,629,0,824,0
9,29,629,0,824,0
10,0,629,64,825,0
10,1,629,142,825,0
10,2,630,216,825,0
10,3,629,292,824,0
10,4,629,380,824,0
10,5,629,461,824,0
10,6,629,531,825,0
10,7,629,573,824,0
10,8,629,568,825,0
10,9,629,510,825,0
10,10,629,414,825,0
10,11,629,323,824,0
10,12,629,239,825,0
10,13,629,155,825,0
10,14,629,91,825,0
10,15,629,50,825,0
10,16,630,34,824,0
10,17,629,33,825,0
10,18,629,33,824,0
10,19,629,33,825,0
10,20,629,34,825,0
10,21,629,33,824,0
10,22,629,34,825,0
10,23,629,34,824,0
10,24,629,33,824,0
10,25,629,33,819,0
10,26,629,33,786,0
10,27,629,33,717,0
10,28,629,34,606,0
10,29,629,33,499,0
11,0,629,34,401,0
11,1,629,33,311,0
11,2,629,34,237,0
11,3,629,33,183,0
11,4,629,33,163,0
11,5,629,34,163,0
11,6,629,34,164,0
11,7,629,33,172,0
11,8,629,34,205,0
11,9,629,33,255,0
11,10,629,33,320,0
11,11,629,34,395,0
11,12,629,33,471,0
11,13,629,33,549,0
11,14,629,33,626,0
11,15,629,33,707,0
11,16,629,34,771,0
11,17,629,34,830,0
11,18,629,34,872,0
11,19,629,34,884,0
11,20,629,33,884,0
11,21,629,33,884,0
11,22,629,33,884,0
11,23,629,34,884,0
11,24,629,33,884,0
11,25,629,33,884,0
11,26,629,33,884,0
11,27,629,33,884,0
11,28,629,33,884,0
11,29,629,33,884,0
12,0,629,34,884,0
12,1,629,33,884,0
12,2,629,33,884,0
12,3,629,33,884,0
12,4,629,33,884,0
12,5,629,33,884,0
12,6,629,34,884,0
12,7,629,33,884,0
12,8,629,33,884,0
12,9,629,34,884,0
12,10,630,33,884,80
12,11,630,34,884,167
12,12,629,33,884,248
12,13,629,33,884,329
12,14,629,33,884,404
12,15,629,33,884,482
12,16,630,33,884,550
12,17,629,34,884,609
12,18,629,34,884,626
12,19,630,33,884,597
12,20,629,33,884,522
12,21,630,33,884,431
12,22,629,34,884,343
12,23,629,34,884,275
12,24,629,33,884,239
12,25,629,33,884,228
12,26,629,33,884,208
12,27,629,33,884,172
12,28,629,33,884,133
12,29,629,33,884,99
13,0,630,33,884,77
13,1,629,33,884,70
13,2,629,34,884,70
13,3,629,34,884,70
13,4,629,33,884,70
13,5,629,33,885,70
13,6,629,34,884,70
13,7,629,33,884,70
13,8,629,33,884,69
13,9,629,33,884,70
13,10,629,34,884,70
13,11,629,33,885,70
13,12,629,34,884,70
13,13,629,34,884,70
13,14,629,33,884,71
13,15,629,34,884,70
13,16,629,33,884,70
13,17,629,33,884,71
13,18,629,33,884,70
13,19,629,33,884,70
13,20,629,33,884,70
13,21,629,33,884,70
13,22,629,33,884,70
13,23,629,34,884,70
13,24,629,33,884,70
13,25,629,33,884,70
13,26,629,33,884,70
13,27,629,33,884,70
13,28,629,33,884,71
13,29,629,33,884,70
14,0,629,33,884,69
14,1,629,33,884,68
14,2,629,33,884,68
14,3,629,33,884,78
14,4,629,34,884,107
14,5,629,33,884,150
14,6,629,33,884,200
14,7,629,33,884,259
14,8,629,33,884,328
14,9,629,33,884,412
14,10,629,33,884,484
14,11,629,33,884,538
14,12,629,34,884,557
14,13,629,34,884,536
14,14,629,33,884,485
14,15,629,33,884,416
14,16,629,33,884,337
14,17,629,33,884,250
14,18,629,33,884,158
14,19,629,34,884,67
14,20,629,33,884,0
14,21,629,34,884,0
14,22,629,33,884,0
14,23,629,33,884,0
14,24,629,33,884,0
14,25,630,33,884,23
14,26,630,33,884,103
14,27,629,34,884,183
14,28,629,33,884,250
14,29,629,33,884,296
15,0,629,33,884,310
15,1,629,33,884,310
15,2,629,33,884,309
15,3,629,34,884,310
15,4,629,33,884,310
15,5,629,34,884,310
15,6,629,33,884,310
15,7,630,33,885,310
15,8,629,33,906,309
15,9,630,33,964,310
15,10,629,33,1023,310
15,11,629,33,1022,310
15,12,630,33,1023,310
15,13,629,33,1022,310
15,14,629,33,1023,310
15,15,629,33,1022,310
15,16,629,34,1023,310
15,17,630,33,1023,310
15,18,629,6,1023,310
15,19,629,0,1023,310
15,20,629,0,1023,310
15,21,629,0,1023,310
15,22,629,0,1023,310
15,23,629,0,1023,310
15,24,630,0,1023,310
15,25,629,0,1023,309
15,26,629,0,1023,310
15,27,629,0,1023,310
15,28,629,0,1023,310
15,29,629,0,1023,310
16,0,629,0,1023,310
16,1,629,0,1023,309
16,2,629,0,1023,309
16,3,629,0,1023,309
16,4,629,0,1023,310
16,5,629,0,1023,310
16,6,629,0,1023,310
16,7,629,0,1023,310
16,8,629,0,1023,310
16,9,629,0,1023,310
16,10,629,0,1023,309
16,11,630,0,1023,309
16,12,632,0,1023,309
16,13,632,0,1023,309
16,14,631,0,1023,309
16,15,631,0,1023,309
16,16,632,0,1022,309
16,17,642,0,1023,300
16,18,668,0,1022,279
16,19,704,0,1023,250
16,20,747,0,1023,216
16,21,785,0,1023,177
16,22,832,0,1023,136
16,23,880,0,1023,89
16,24,926,0,1023,46
16,25,969,0,1023,5
16,26,997,0,1022,0
16,27,1006,0,1023,0
16,28,1006,0,1023,0
16,29,1006,0,1023,0
17,0,1005,0,1023,0
17,1,1005,0,1023,0
17,2,1005,0,1023,0
17,3,1005,0,1023,0
17,4,1006,0,1023,0
17,5,1006,0,1023,0
17,6,1006,0,1022,0
17,7,1006,0,1023,0
17,8,1006,0,1022,0
17,9,1005,0,1022,0
17,10,1005,0,1022,0
17,11,1006,0,1023,0
17,12,1005,0,1022,0
17,13,1006,0,1023,0
17,14,1005,0,1023,0
17,15,1005,0,1023,0
17,16,1006,0,1023,0
17,17,1006,0,1023,0
17,18,1006,0,1023,0
17,19,1005,0,1023,0
17,20,1005,0,1023,0
17,21,1006,0,1023,0
17,22,1005,0,1022,0
17,23,1005,0,1022,0
17,24,1005,0,1023,0
17,25,1006,0,1023,0
17,26,1006,0,1022,0
17,27,1006,0,1023,0
17,28,1006,0,1023,0
17,29,1006,0,1023,0
18,0,1005,0,1023,0
18,1,1006,0,1023,0
18,2,1005,0,1023,0
18,3,1005,0,1023,0
18,4,1006,0,1023,0
18,5,1006,0,1023,0
18,6,1005,0,1023,0
18,7,1005,0,1023,0
18,8,1006,0,1023,0
18,9,1005,0,1006,0
18,10,1006,0,970,0
18,11,1005,0,937,0
18,12,1005,0,908,0
18,13,1005,0,883,0
18,14,1006,45,863,0
18,15,1005,103,850,0
18,16,1006,161,840,0
18,17,1006,191,841,0
18,18,1006,192,841,0
18,19,1006,192,841,0
18,20,1006,192,841,0
18,21,1005,192,841,0
18,22,1005,191,841,0
18,23,1006,192,841,0
18,24,1006,192,841,0
18,25,1006,192,841,0
18,26,1005,192,841,0
18,27,1006,192,841,0
18,28,1005,192,841,0
18,29,993,192,841,0
19,0,969,191,841,6
19,1,934,192,841,41
19,2,895,192,841,82
19,3,857,192,841,123
19,4,820,192,841,166
19,5,785,192,840,204
19,6,754,192,841,236
19,7,719,192,841,263
19,8,716,192,841,265
19,9,716,192,841,265
19,10,716,192,841,265
19,11,716,192,841,265
19,12,716,192,841,265
19,13,716,192,841,265
19,14,715,192,841,265
19,15,716,192,841,265
19,16,716,192,841,265
19,17,716,198,830,265
19,18,716,213,808,265
19,19,715,233,779,265
19,20,716,256,753,265
19,21,715,282,724,265
19,22,716,304,690,265
19,23,716,328,652,265
19,24,716,353,622,265
19,25,716,383,595,265
19,26,716,409,571,265
19,27,716,431,556,265
19,28,716,435,557,265
19,29,716,433,572,265
20,0,716,417,602,265
20,1,716,383,639,265
20,2,716,336,678,265
20,3,716,287,711,265
20,4,716,239,736,265
20,5,716,205,753,265
20,6,715,195,757,266
20,7,716,195,758,265
20,8,716,195,757,265
20,9,716,195,757,265
20,10,716,195,757,265
20,11,716,195,757,265
20,12,716,195,757,265
20,13,716,195,757,265
20,14,716,195,757,265
20,15,716,195,757,265
20,16,716,195,757,266
20,17,721,195,757,265
20,18,738,195,757,263
20,19,762,195,757,245
20,20,794,195,757,215
20,21,827,195,757,187
20,22,858,195,757,159
20,23,893,195,758,128
20,24,926,195,757,96
20,25,944,195,757,80
20,26,937,195,757,81
20,27,915,195,758,96
20,28,883,195,758,121
20,29,848,195,757,153
21,0,808,195,757,187
21,1,771,195,757,218
21,2,733,195,757,252
21,3,696,195,758,287
21,4,660,195,757,326
21,5,630,195,757,366
21,6,605,195,758,402
21,7,588,195,757,439
21,8,584,195,758,466
21,9,582,195,757,473
21,10,582,195,758,473
21,11,582,195,757,473
21,12,582,195,757,473
21,13,582,195,757,473
21,14,582,195,757,473
21,15,582,195,757,473
21,16,582,195,757,473
21,17,583,195,757,473
21,18,582,195,758,473
21,19,583,195,757,473
21,20,582,195,757,473
21,21,583,198,757,473
21,22,583,208,755,473
21,23,583,228,743,473
21,24,582,251,727,473
21,25,583,275,705,473
21,26,583,300,679,473
21,27,582,325,651,473
21,28,583,350,618,473
21,29,583,377,586,473
22,0,583,397,551,473
22,1,583,413,516,473
22,2,583,421,499,473
22,3,582,420,498,473
22,4,583,414,506,473
22,5,583,404,522,473
22,6,583,390,539,473
22,7,583,372,558,473
22,8,583,358,573,473
22,9,583,355,581,473
22,10,582,355,581,473
22,11,583,355,581,473
22,12,582,355,581,473
22,13,583,355,581,473
22,14,583,355,581,473
22,15,582,355,581,473
22,16,583,355,581,473
22,17,583,355,581,473
22,18,583,355,581,473
22,19,583,355,581,473
22,20,582,355,581,473
22,21,583,355,581,473
22,22,583,355,581,473
22,23,583,355,581,473
22,24,582,355,581,473
22,25,583,355,581,473
22,26,583,355,581,473
22,27,583,355,581,473
22,28,583,355,581,473
22,29,583,355,581,473
23,0,583,355,581,473
23,1,583,355,581,473
23,2,583,355,581,473
23,3,583,355,581,473
23,4,583,355,581,473
23,5,583,355,581,473
23,6,582,355,581,473
23,7,582,355,581,473
23,8,582,355,581,473
23,9,583,355,581,473
23,10,582,355,581,473
23,11,582,355,580,473
23,12,582,355,581,473
23,13,583,355,581,473
23,14,600,355,581,473
23,15,669,355,581,473
23,16,765,355,581,473
23,17,858,355,581,473
23,18,918,355,581,473
23,19,908,355,581,473
23,20,827,355,581,473
23,21,715,355,581,473
23,22,624,355,581,473
23,23,582,355,581,473
23,24,581,355,581,473
23,25,581,355,581,473
23,26,581,355,581,473
23,27,581,355,581,473
23,28,581,355,581,473
23,29,581,355,581,473
24,0,581,355,581,473
24,1,581,355,581,473
24,2,581,355,581,473
24,3,581,355,581,473
24,4,581,356,581,473
24,5,581,397,581,473
24,6,581,468,581,473
24,7,581,546,581,473
24,8,581,613,581,473
24,9,581,636,581,473
24,10,581,636,581,473
24,11,581,636,581,473
24,12,581,636,581,473
24,13,581,636,581,473
24,14,581,636,581,473
24,15,581,636,580,473
24,16,581,637,585,473
24,17,581,636,612,473
24,18,581,636,664,473
24,19,580,636,718,473
24,20,581,636,756,473
24,21,581,636,779,473
24,22,581,636,775,473
24,23,581,636,741,473
24,24,581,636,679,473
24,25,581,636,596,473
24,26,581,636,530,473
24,27,581,636,514,473
24,28,581,636,514,473
24,29,581,636,514,473
25,0,581,636,514,473
25,1,581,637,514,473
25,2,581,636,514,473
25,3,581,636,514,474
25,4,581,636,514,497
25,5,581,636,514,553
25,6,581,636,514,626
25,7,581,636,514,691
25,8,581,636,514,701
25,9,581,636,514,660
25,10,581,636,514,593
25,11,581,636,514,527
25,12,581,636,514,491
25,13,581,636,514,491
25,14,581,636,514,491
25,15,581,636,514,491
25,16,581,636,514,491
25,17,581,636,514,491
25,18,581,636,514,491
25,19,581,636,514,491
25,20,581,636,512,491
25,21,581,636,514,491
25,22,581,636,554,491
25,23,581,636,627,491
25,24,581,636,708,491
25,25,581,636,770,491
25,26,581,636,793,491
25,27,581,636,777,491
25,28,581,636,737,491
25,29,581,636,667,491
26,0,581,636,581,491
26,1,581,636,502,491
26,2,581,636,448,491
26,3,581,636,428,491
26,4,581,636,431,491
26,5,581,636,431,491
26,6,581,636,431,491
26,7,581,636,431,491
26,8,581,636,431,491
26,9,581,636,431,491
26,10,581,636,431,491
26,11,581,636,430,491
26,12,581,636,431,491
26,13,581,648,431,491
26,14,581,709,431,491
26,15,581,788,431,491
26,16,581,865,431,491
26,17,581,933,431,491
26,18,581,982,431,491
26,19,581,987,430,491
26,20,581,957,431,491
26,21,581,896,431,491
26,22,581,814,431,491
26,23,581,726,431,490
26,24,581,648,431,491
26,25,581,600,431,491
26,26,581,595,431,491
26,27,581,614,431,490
26,28,581,667,431,491
26,29,581,739,431,491
27,0,581,817,431,490
27,1,581,896,431,491
27,2,581,975,430,491
27,3,581,1023,431,491
27,4,581,1023,431,491
27,5,581,1023,431,491
27,6,581,989,431,491
27,7,581,917,431,491
27,8,581,884,431,491
27,9,581,883,431,491
27,10,581,883,431,491
27,11,581,883,431,490
27,12,581,883,431,491
27,13,581,883,431,491
27,14,581,883,431,490
27,15,581,883,431,491
27,16,612,883,431,490
27,17,686,883,431,491
27,18,776,883,431,491
27,19,868,883,431,490
27,20,933,883,430,491
27,21,915,882,431,491
27,22,827,883,431,491
27,23,730,883,431,491
27,24,645,883,431,491
27,25,606,883,431,491
27,26,603,883,430,490
27,27,603,883,431,491
27,28,603,883,431,491
27,29,603,883,430,491
28,0,603,883,431,491
28,1,603,883,431,491
28,2,603,883,431,491
28,3,602,883,431,491
28,4,603,883,430,491
28,5,603,883,431,490
28,6,603,883,431,491
28,7,603,883,431,491
28,8,603,883,431,491
28,9,603,883,431,491
28,10,603,883,431,491
28,11,603,883,431,490
28,12,603,883,431,491
28,13,603,883,431,491
28,14,603,883,431,491
28,15,603,883,431,491
28,16,603,883,431,490
28,17,603,883,431,495
28,18,596,883,431,523
28,19,550,883,431,580
28,20,464,883,431,643
28,21,364,883,431,712
28,22,275,882,431,767
28,23,219,883,431,795
28,24,209,883,431,789
28,25,238,882,431,746
28,26,289,883,430,678
28,27,358,883,431,609
28,28,441,883,431,549
28,29,500,883,431,511
29,0,510,882,431,503
29,1,510,882,431,503
29,2,510,883,431,503
29,3,510,883,431,504
29,4,510,883,431,503
29,5,510,883,431,503
29,6,510,882,431,503
29,7,510,883,431,503
29,8,510,883,431,503
29,9,510,883,431,503
29,10,510,883,431,504
29,11,510,883,431,504
29,12,510,883,431,503
29,13,510,883,431,503
29,14,510,883,431,503
29,15,510,883,431,504
29,16,510,882,431,503
29,17,510,883,431,503
29,18,510,883,430,503
29,19,510,883,431,504
29,20,510,883,431,504
29,21,510,883,431,504
29,22,510,883,430,504
29,23,510,883,427,503
29,24,510,883,429,503
29,25,510,883,443,503
29,26,510,883,464,503
29,27,510,883,481,504
29,28,510,882,487,503
29,29,510,889,467,503
30,0,510,912,421,503
30,1,510,939,377,503
30,2,510,972,359,503
30,3,510,993,368,504
30,4,510,994,396,504
30,5,510,979,433,503
30,6,510,952,479,504
30,7,510,924,517,504
30,8,510,905,530,503
30,9,510,909,520,504
30,10,510,923,509,503
30,11,510,924,510,504
30,12,510,924,511,504
30,13,510,924,511,503
30,14,510,924,511,503
30,15,510,923,511,504
30,16,510,924,511,503
30,17,508,924,511,506
30,18,470,924,511,525
30,19,404,923,511,566
30,20,334,924,511,614
30,21,276,924,511,667
30,22,249,924,511,714
30,23,249,924,511,738
30,24,289,924,511,722
30,25,369,924,511,655
30,26,448,924,511,577
30,27,521,924,511,507
30,28,568,924,511,469
30,29,573,924,511,468
31,0,523,924,511,504
31,1,436,923,511,560
31,2,345,924,511,618
31,3,276,924,511,677
31,4,267,924,511,724
31,5,267,923,511,725
31,6,266,923,511,724
31,7,267,924,511,724
31,8,267,923,511,724
31,9,267,924,511,725
31,10,267,924,511,724
31,11,267,924,511,724
31,12,267,924,511,725
31,13,267,923,511,725
31,14,267,924,511,724
31,15,267,924,511,725
31,16,267,931,508,724
31,17,267,951,485,725
31,18,267,987,443,725
31,19,267,1023,397,725
31,20,267,1023,343,725
31,21,267,1023,299,725
31,22,267,1023,286,725
31,23,267,1023,297,725
31,24,267,1023,339,725
31,25,267,993,398,725
31,26,267,937,467,725
31,27,267,904,529,725
31,28,267,894,558,725
31,29,267,893,559,725
32,0,267,894,559,724
32,1,267,893,559,725
32,2,267,893,559,724
32,3,267,894,559,725
32,4,267,893,559,725
32,5,267,893,559,725
32,6,267,894,559,725
32,7,267,894,559,724
32,8,267,894,559,723
32,9,271,893,559,699
32,10,289,894,559,651
32,11,326,894,559,586
32,12,373,894,559,510
32,13,422,894,559,444
32,14,459,893,559,418
32,15,460,893,559,421
32,16,435,894,559,459
32,17,381,893,559,507
32,18,325,893,559,562
32,19,272,894,559,625
32,20,222,893,559,689
32,21,176,894,559,761
32,22,153,894,559,833
32,23,150,894,559,896
32,24,160,893,559,909
32,25,191,893,559,884
32,26,244,893,559,825
32,27,299,894,559,748
32,28,354,894,559,650
32,29,409,894,559,547
33,0,466,894,559,482
33,1,497,894,559,469
33,2,497,894,559,469
33,3,497,893,559,469
33,4,497,894,559,469
33,5,497,894,559,469
33,6,497,894,559,469
33,7,498,893,559,469
33,8,497,894,559,469
33,9,497,894,559,469
33,10,497,894,559,469
33,11,497,894,559,469
33,12,497,894,559,469
33,13,497,889,560,469
33,14,497,870,577,469
33,15,497,837,615,469
33,16,497,793,667,469
33,17,497,742,732,469
33,18,497,686,801,469
33,19,497,634,873,469
33,20,497,603,917,469
33,21,497,609,912,469
33,22,497,639,876,469
33,23,497,682,817,469
33,24,497,726,747,469
33,25,497,768,670,469
33,26,497,807,601,469
33,27,497,835,552,469
33,28,497,841,530,469
33,29,497,836,529,469
34,0,497,835,534,469
34,1,497,835,533,469
34,2,497,835,534,469
34,3,497,834,533,469
34,4,497,835,533,469
34,5,497,834,533,469
34,6,497,835,534,469
34,7,497,834,534,469
34,8,494,834,533,470
34,9,459,834,534,469
34,10,399,834,533,471
34,11,331,834,533,495
34,12,280,834,534,538
34,13,268,835,533,599
34,14,279,835,533,665
34,15,309,835,534,694
34,16,348,835,533,702
34,17,396,834,534,732
34,18,445,834,534,788
34,19,503,835,534,855
34,20,567,835,533,926
34,21,624,835,533,976
34,22,659,835,533,985
34,23,661,835,534,953
34,24,632,835,533,901
34,25,558,835,533,839
34,26,463,835,534,769
34,27,393,835,534,704
34,28,348,835,534,653
34,29,324,834,534,646
35,0,320,835,534,646
35,1,320,835,533,646
35,2,320,835,534,646
35,3,320,835,534,646
35,4,320,834,533,646
35,5,320,835,533,646
35,6,320,835,533,646
35,7,320,835,534,646
35,8,320,835,534,646
35,9,320,835,534,646
35,10,320,836,533,646
35,11,320,850,533,646
35,12,320,881,534,646
35,13,320,917,533,646
35,14,320,956,533,646
35,15,320,990,533,646
35,16,320,1018,550,646
35,17,320,1022,601,646
35,18,320,1023,671,646
35,19,320,1023,742,646
35,20,320,1004,810,646
35,21,320,977,887,646
35,22,320,945,966,646
35,23,320,912,1023,646
35,24,320,881,1023,646
35,25,320,845,1023,646
35,26,320,807,1023,646
35,27,320,764,1023,646
35,28,320,722,1023,646
35,29,320,684,1022,646
36,0,320,643,1023,646
36,1,320,599,992,646
36,2,320,554,919,646
36,3,320,509,833,646
36,4,320,473,742,646
36,5,320,448,635,646
36,6,320,433,539,646
36,7,320,431,461,646
36,8,320,441,412,646
36,9,320,472,416,646
36,10,320,515,451,646
36,11,320,569,494,646
36,12,320,621,527,646
36,13,320,645,534,646
36,14,320,645,534,646
36,15,320,644,534,646
36,16,320,644,534,646
36,17,320,645,534,646
36,18,320,644,534,646
36,19,321,644,534,646
36,20,320,645,534,645
36,21,320,645,534,646
36,22,320,644,534,646
36,23,320,645,534,646
36,24,320,645,534,646
36,25,320,644,534,647
36,26,320,645,534,666
36,27,324,645,534,717
36,28,353,644,534,782
36,29,402,644,534,859
37,0,472,644,534,941
37,1,540,645,534,1011
37,2,591,644,534,1023
37,3,603,645,534,1023
37,4,575,644,534,979
37,5,515,645,534,917
37,6,449,644,534,856
37,7,392,645,534,794
37,8,357,645,534,748
37,9,339,644,534,726
37,10,332,644,534,721
37,11,331,644,534,721
37,12,331,645,534,721
37,13,331,644,534,721
37,14,331,644,534,721
37,15,332,644,534,721
37,16,332,645,534,721
37,17,332,645,534,721
37,18,331,645,534,721
37,19,332,644,534,721
37,20,332,644,534,721
37,21,331,645,534,721
37,22,332,645,534,721
37,23,331,645,534,721
37,24,332,644,534,721
37,25,332,644,534,721
37,26,331,644,534,721
37,27,332,644,534,721
37,28,331,644,534,721
37,29,332,644,534,721
38,0,331,644,534,721
38,1,332,645,534,721
38,2,331,645,534,721
38,3,332,644,534,721
38,4,332,645,534,721
38,5,332,644,534,721
38,6,331,645,534,720
38,7,332,644,534,721
38,8,332,644,534,721
38,9,332,644,534,721
38,10,332,645,534,721
38,11,332,645,534,721
38,12,332,645,534,721
38,13,331,644,534,721
38,14,331,644,534,721
38,15,332,645,534,721
38,16,331,645,534,720
38,17,331,644,534,721
38,18,333,644,534,721
38,19,364,644,534,720
38,20,444,644,534,721
38,21,538,644,534,721
38,22,632,644,534,721
38,23,730,645,534,721
38,24,829,644,534,721
38,25,926,645,534,721
38,26,1023,644,534,721
38,27,1022,645,534,721
38,28,1022,645,534,721
38,29,1023,644,534,720
39,0,1023,644,534,721
39,1,1023,644,534,721
39,2,1023,645,534,721
39,3,1023,644,534,721
39,4,951,644,534,721
39,5,861,645,534,721
39,6,761,644,534,721
39,7,636,644,534,720
39,8,519,645,534,721
39,9,429,645,534,721
39,10,349,644,534,721
39,11,278,644,534,721
39,12,211,644,534,721
39,13,143,644,534,721
39,14,91,645,534,721
39,15,90,644,534,721
39,16,90,644,534,721
39,17,90,645,534,721
39,18,91,644,534,721
39,19,71,645,534,721
39,20,14,645,533,721
39,21,0,644,534,721
39,22,0,644,534,721
39,23,0,645,534,721
39,24,0,645,534,721
39,25,0,644,534,721
39,26,0,645,534,721
39,27,0,644,534,721
39,28,0,644,534,721
39,29,0,644,534,721
40,0,0,645,534,721
40,1,93,644,534,721
40,2,199,644,534,721
40,3,303,644,534,721
40,4,432,644,534,721
40,5,554,644,534,721
40,6,670,645,534,721
40,7,770,645,534,721
40,8,867,645,534,721
40,9,958,645,534,721
40,10,1023,645,534,721
40,11,1023,645,534,721
40,12,1023,644,534,721
40,13,1023,644,534,721
40,14,1023,644,534,721
40,15,1005,645,534,721
40,16,892,644,534,721
40,17,762,645,534,721
40,18,588,644,534,721
40,19,431,644,534,721
40,20,298,645,534,721
40,21,189,644,534,721
40,22,100,645,534,721
40,23,47,644,534,721
40,24,40,645,534,721
40,25,78,645,534,721
40,26,175,644,534,720
40,27,302,644,534,721
40,28,463,645,534,721
40,29,593,644,534,721
41,0,714,644,534,721
41,1,829,644,533,721
41,2,910,644,534,721
41,3,961,645,534,721
41,4,965,645,534,721
41,5,964,644,534,721
41,6,965,645,534,721
41,7,965,644,534,721
41,8,965,644,534,721
41,9,965,645,534,721
41,10,965,644,534,721
41,11,965,639,534,721
41,12,966,600,534,721
41,13,966,511,534,721
41,14,966,406,534,721
41,15,965,310,534,721
41,16,965,227,534,721
41,17,965,188,534,720
41,18,965,191,533,721
41,19,966,232,534,721
41,20,966,325,534,721
41,21,965,444,534,721
41,22,966,568,534,721
41,23,966,688,534,721
41,24,966,800,533,721
41,25,966,895,534,721
41,26,965,974,534,721
41,27,965,1023,534,721
41,28,966,1023,534,721
41,29,965,1023,534,721
42,0,966,1023,534,721
42,1,966,990,533,721
42,2,966,899,534,721
42,3,965,779,534,721
42,4,966,627,534,721
42,5,965,456,534,721
42,6,966,333,534,721
42,7,966,254,534,721
42,8,966,222,534,721
42,9,966,230,534,721
42,10,966,291,534,721
42,11,966,401,534,721
42,12,967,530,534,721
42,13,966,649,534,721
42,14,966,773,534,721
42,15,966,895,534,721
42,16,966,967,534,721
42,17,965,979,534,721
42,18,966,979,534,721
42,19,965,979,534,721
42,20,966,979,534,721
42,21,966,979,534,721
42,22,965,978,534,721
42,23,966,978,534,721
42,24,966,979,529,721
42,25,966,979,482,721
42,26,966,978,377,721
42,27,966,979,242,721
42,28,966,979,128,721
42,29,966,979,47,721
43,0,966,979,0,721
43,1,967,979,0,720
43,2,966,979,21,721
43,3,966,979,93,721
43,4,966,979,193,721
43,5,966,979,305,721
43,6,966,979,443,721
43,7,967,979,566,721
43,8,966,979,670,721
43,9,966,979,746,721
43,10,966,979,793,721
43,11,966,979,803,721
43,12,966,979,766,721
43,13,966,979,665,721
43,14,966,979,513,721
43,15,966,979,361,721
43,16,966,979,221,721
43,17,966,979,127,721
43,18,966,979,84,721
43,19,966,979,77,721
43,20,966,979,77,721
43,21,966,979,77,721
43,22,966,979,77,721
43,23,966,979,77,721
43,24,967,978,77,721
43,25,966,979,77,721
43,26,966,979,77,721
43,27,966,978,77,722
43,28,966,979,77,756
43,29,966,979,77,838
44,0,967,979,77,947
44,1,966,978,76,1023
44,2,967,979,77,1023
44,3,967,979,77,1023
44,4,967,978,76,1023
44,5,967,979,76,1019
44,6,966,979,76,885
44,7,966,978,76,754
44,8,967,979,76,642
44,9,966,978,76,546
44,10,967,979,77,508
44,11,967,979,77,508
44,12,966,979,77,508
44,13,967,979,76,508
44,14,966,979,77,508
44,15,966,979,76,495
44,16,967,979,77,432
44,17,966,979,77,331
44,18,966,979,77,225
44,19,967,978,76,134
44,20,966,979,77,56
44,21,966,978,77,0
44,22,966,979,77,0
44,23,966,979,76,0
44,24,967,979,77,0
44,25,966,978,77,38
44,26,967,979,77,125
44,27,967,979,77,215
44,28,966,979,77,302
44,29,967,979,76,402
45,0,966,979,76,503
45,1,966,979,76,574
45,2,967,979,77,619
45,3,967,979,77,632
45,4,966,979,77,607
45,5,967,978,77,547
45,6,967,979,77,505
45,7,967,979,77,490
45,8,966,979,77,491
45,9,967,979,76,491
45,10,967,979,77,491
45,11,967,979,77,491
45,12,967,979,77,491
45,13,966,979,76,491
45,14,967,979,86,491
45,15,967,979,128,491
45,16,967,979,198,491
45,17,966,979,281,491
45,18,966,979,384,491
45,19,967,979,495,491
45,20,966,979,599,491
45,21,967,979,686,491
45,22,967,979,752,491
45,23,967,979,793,491
45,24,967,978,802,491
45,25,967,979,779,491
45,26,967,979,724,491
45,27,967,979,617,491
45,28,967,978,508,491
45,29,967,979,392,491
46,0,966,979,287,491
46,1,967,979,219,491
46,2,966,979,194,491
46,3,967,979,194,491
46,4,967,978,194,491
46,5,967,979,193,491
46,6,966,979,194,491
46,7,966,979,193,491
46,8,966,979,193,491
46,9,967,979,193,491
46,10,967,979,193,491
46,11,967,978,194,491
46,12,967,947,193,491
46,13,967,877,193,491
46,14,967,791,194,491
46,15,967,719,194,491
46,16,966,682,193,491
46,17,966,678,193,491
46,18,967,698,193,491
46,19,967,755,193,491
46,20,966,830,193,491
46,21,967,909,193,491
46,22,967,995,193,491
46,23,966,1023,193,491
46,24,966,1023,193,491
46,25,967,1023,193,491
46,26,967,1022,194,491
46,27,967,1023,194,491
46,28,966,1023,193,491
46,29,967,1023,194,491
47,0,967,1023,193,491
47,1,966,950,194,491
47,2,966,853,193,491
47,3,967,757,193,491
47,4,967,710,193,491
47,5,967,709,193,491
47,6,967,709,194,491
47,7,967,709,193,491
47,8,967,709,193,491
47,9,967,683,194,491
47,10,967,601,193,491
47,11,967,480,193,491
47,12,967,353,194,491
47,13,967,226,193,491
47,14,966,129,193,491
47,15,967,49,194,491
47,16,967,0,193,491
47,17,966,0,193,491
47,18,966,0,193,491
47,19,967,0,193,491
47,20,967,0,194,491
47,21,967,0,193,491
47,22,967,11,193,491
47,23,967,79,194,491
47,24,966,121,194,491
47,25,967,138,194,491
47,26,966,138,193,491
47,27,967,138,193,491
47,28,967,138,193,491
47,29,967,137,193,491
48,0,967,138,193,491
48,1,967,138,193,491
48,2,964,138,193,491
48,3,917,138,193,491
48,4,815,138,194,491
48,5,669,137,194,491
48,6,524,138,194,491
48,7,436,138,194,491
48,8,407,137,193,491
48,9,407,137,194,491
48,10,419,138,193,491
48,11,478,138,193,491
48,12,562,137,193,491
48,13,628,137,193,491
48,14,669,137,194,491
48,15,714,138,193,491
48,16,749,138,194,491
48,17,756,138,194,491
48,18,757,138,193,491
48,19,757,137,194,491
48,20,756,138,194,491
48,21,756,138,194,491
48,22,756,138,194,491
48,23,757,138,194,491
48,24,757,138,193,491
48,25,756,137,193,491
48,26,756,138,193,491
48,27,757,137,193,491
48,28,757,138,193,491
48,29,756,138,193,491
49,0,756,137,194,491
49,1,757,138,194,491
49,2,756,138,193,491
49,3,757,137,194,491
49,4,756,137,193,491
49,5,757,137,194,491
49,6,757,138,193,491
49,7,756,137,194,491
49,8,757,138,194,491
49,9,756,137,193,491
49,10,757,137,194,491
49,11,757,138,193,491
49,12,756,137,193,491
49,13,757,138,194,491
49,14,756,138,194,491
49,15,757,138,194,491
49,16,756,137,194,491
49,17,757,138,194,491
49,18,756,138,193,491
49,19,757,138,193,491
49,20,756,138,194,491
49,21,756,137,193,491
49,22,757,138,193,491
49,23,757,137,194,491
49,24,756,138,194,491
49,25,756,138,193,491
49,26,756,137,194,491
49,27,757,138,193,491
49,28,757,137,194,491
49,29,756,137,193,491
50,0,756,138,193,491
50,1,756,138,194,491
50,2,757,137,194,491
50,3,757,137,193,491
50,4,756,138,193,491
50,5,757,137,194,491
50,6,757,138,194,491
50,7,757,137,194,491
50,8,757,137,194,491
50,9,757,138,193,491
50,10,756,137,193,491
50,11,757,137,193,491
50,12,757,137,193,491
50,13,757,138,193,491
50,14,756,138,194,491
50,15,756,138,193,491
50,16,757,138,194,491
50,17,757,138,194,491
50,18,757,138,193,491
50,19,756,138,194,491
50,20,756,137,194,491
50,21,756,138,194,491
50,22,757,138,193,491
50,23,757,138,194,491
50,24,756,138,194,491
50,25,757,138,194,491
50,26,757,138,194,491
50,27,757,137,194,491
50,28,756,137,194,491
50,29,757,138,194,491
51,0,757,138,193,491
51,1,756,138,194,491
51,2,757,138,193,491
51,3,757,138,194,491
51,4,757,138,194,491
51,5,757,138,193,491
51,6,756,138,194,491
51,7,757,138,194,491
51,8,757,137,193,491
51,9,757,138,193,491
51,10,757,138,194,491
51,11,756,137,194,491
51,12,756,138,194,491
51,13,756,138,193,491
51,14,757,137,194,491
51,15,756,137,194,491
51,16,757,138,193,491
51,17,757,137,193,491
51,18,757,137,194,491
51,19,757,138,194,491
51,20,756,138,194,491
51,21,756,138,194,491
51,22,756,138,194,491
51,23,757,137,194,491
51,24,756,138,194,491
51,25,757,138,193,491
51,26,757,138,193,491
51,27,756,137,193,491
51,28,757,138,194,491
51,29,757,138,194,491
52,0,757,138,193,491
52,1,756,137,194,491
52,2,757,137,194,491
52,3,757,138,193,491
52,4,757,137,193,491
52,5,756,137,193,491
52,6,757,138,194,491
52,7,756,137,193,491
52,8,757,137,194,491
52,9,756,138,194,491
52,10,756,138,194,491
52,11,756,137,194,491
52,12,756,138,194,491
52,13,757,138,194,491
52,14,757,138,193,491
52,15,757,138,194,491
52,16,757,138,193,491
52,17,755,137,193,491
52,18,738,137,194,498
52,19,695,138,194,528
52,20,631,137,193,579
52,21,549,137,194,646
52,22,469,138,194,710
52,23,417,138,194,767
52,24,407,138,194,801
52,25,408,137,193,801
52,26,408,137,193,802
52,27,408,138,194,801
52,28,420,138,194,796
52,29,451,137,194,767
53,0,503,137,193,714
53,1,572,138,194,658
53,2,633,138,194,598
53,3,686,137,194,531
53,4,737,137,194,453
53,5,778,138,194,373
53,6,819,137,194,311
53,7,855,138,194,277
53,8,876,137,193,268
53,9,869,138,193,274
53,10,819,137,194,304
53,11,744,137,194,356
53,12,640,137,194,416
53,13,532,138,194,481
53,14,461,137,193,554
53,15,429,138,194,614
53,16,426,137,193,651
53,17,426,138,193,651
53,18,427,137,194,651
53,19,426,138,193,651
53,20,427,137,193,651
53,21,427,137,193,651
53,22,426,138,193,651
53,23,427,138,194,651
53,24,427,137,193,651
53,25,427,137,194,651
53,26,427,138,193,651
53,27,427,138,194,651
53,28,426,137,194,651
53,29,427,137,194,651
54,0,426,137,194,651
54,1,427,138,193,651
54,2,427,144,192,651
54,3,427,159,185,651
54,4,427,181,163,651
54,5,427,207,128,651
54,6,427,238,81,651
54,7,427,266,26,651
54,8,426,299,0,651
54,9,427,332,0,651
54,10,427,354,0,651
54,11,427,355,0,651
54,12,427,351,0,651
54,13,426,329,0,651
54,14,427,295,0,651
54,15,427,255,5,651
54,16,426,214,58,651
54,17,427,177,106,651
54,18,427,142,152,651
54,19,427,108,195,651
54,20,427,68,241,651
54,21,427,34,287,651
54,22,426,5,332,651
54,23,427,0,364,651
54,24,427,0,373,651
54,25,427,5,364,651
54,26,426,35,336,651
54,27,427,81,294,651
54,28,427,131,240,651
54,29,427,178,185,651
55,0,427,217,131,651
55,1,427,249,78,651
55,2,427,281,21,651
55,3,426,316,0,651
55,4,426,343,0,651
55,5,427,357,0,651
55,6,427,357,0,651
55,7,427,357,0,651
55,8,427,357,0,651
55,9,426,357,0,651
55,10,427,357,0,651
55,11,427,357,0,651
55,12,426,357,0,651
55,13,426,357,0,651
55,14,427,357,0,651
55,15,426,357,0,651
55,16,426,357,0,651
55,17,426,357,0,651
55,18,422,357,0,651
55,19,418,357,0,653
55,20,410,357,0,665
55,21,397,357,0,690
55,22,371,357,0,737
55,23,331,357,0,790
55,24,284,357,0,850
55,25,235,357,0,908
55,26,192,357,0,966
55,27,152,358,0,1023
55,28,125,357,0,1023
55,29,113,357,0,1023
56,0,108,357,0,1023
56,1,109,357,0,1023
56,2,120,357,0,1022
56,3,153,357,0,1023
56,4,195,357,0,1016
56,5,229,357,0,957
56,6,265,357,0,897
56,7,297,357,0,840
56,8,328,357,0,778
56,9,370,357,0,717
56,10,415,357,0,657
56,11,459,357,0,605
56,12,511,357,0,564
56,13,554,357,0,539
56,14,568,357,0,534
56,15,559,357,0,538
56,16,524,357,0,559
56,17,472,357,0,590
56,18,405,357,0,633
56,19,335,357,0,684
56,20,282,357,0,736
56,21,244,357,0,774
56,22,226,357,0,797
56,23,220,357,0,804
56,24,220,357,0,803
56,25,220,357,0,803
56,26,220,357,0,803
56,27,219,357,0,803
56,28,219,357,0,803
56,29,220,357,0,803
57,0,220,357,0,804
57,1,219,357,0,803
57,2,220,357,0,804
57,3,220,357,0,803
57,4,220,357,0,803
57,5,220,357,0,804
57,6,220,347,0,804
57,7,220,327,0,803
57,8,220,300,0,803
57,9,219,268,0,804
57,10,219,239,19,804
57,11,220,207,71,803
57,12,220,181,122,803
57,13,220,160,163,803
57,14,219,147,195,803
57,15,220,147,208,803
57,16,220,160,205,804
57,17,220,183,188,803
57,18,219,209,156,803
57,19,220,234,117,803
57,20,220,264,76,803
57,21,220,292,34,804
57,22,220,324,0,804
57,23,220,354,0,803
57,24,220,388,0,803
57,25,220,416,0,803
57,26,220,423,0,804
57,27,219,423,0,803
57,28,219,423,0,803
57,29,220,423,0,801
58,0,219,423,0,801
58,1,219,423,0,801
58,2,219,423,0,801
58,3,220,423,0,801
58,4,219,423,0,801
58,5,219,423,0,801
58,6,219,423,0,800
58,7,219,423,0,800
58,8,219,423,0,801
58,9,219,423,0,801
58,10,215,423,0,800
58,11,205,423,0,801
58,12,188,423,0,806
58,13,162,423,0,825
58,14,128,423,0,859
58,15,94,423,0,909
58,16,50,423,0,966
58,17,2,423,0,1023
58,18,0,423,0,1022
58,19,0,423,0,1023
58,20,0,423,0,1023
58,21,0,423,0,1023
58,22,0,423,0,1023
58,23,0,423,0,1023
58,24,0,423,0,1023
58,25,0,423,0,1022
58,26,0,423,0,1023
58,27,22,423,0,1023
58,28,87,423,0,987
58,29,158,423,0,938
59,0,221,422,0,885
59,1,273,423,0,833
59,2,307,423,0,776
59,3,332,423,0,714
59,4,362,423,0,653
59,5,406,423,0,589
59,6,441,423,0,534
59,7,473,423,0,488
59,8,511,423,0,459
59,9,551,423,0,438
59,10,599,423,0,423
59,11,649,423,0,412
59,12,705,423,0,404
59,13,761,423,0,403
59,14,822,423,0,402
59,15,885,423,0,402
59,16,944,423,0,402
59,17,1005,423,0,401
59,18,1023,423,0,402
59,19,1023,423,0,402
59,20,1023,423,0,401
59,21,1023,423,0,401
59,22,1023,423,0,402
59,23,1023,423,0,401
59,24,1022,423,0,401
59,25,1023,423,0,404
59,26,1023,423,0,431
59,27,1023,423,0,477
59,28,985,423,0,524
59,29,942,423,0,573
60,0,898,423,0,616
60,1,858,423,0,650
60,2,812,423,0,679
60,3,761,423,0,703
60,4,709,423,0,718
60,5,663,423,0,722
60,6,628,423,0,722
60,7,618,423,0,722
60,8,618,423,0,722
60,9,618,423,0,722
60,10,618,423,0,722
60,11,618,423,0,722
60,12,618,423,0,722
60,13,618,423,0,722
60,14,618,423,0,722
60,15,618,426,0,722
60,16,618,443,0,722
60,17,618,475,0,722
60,18,618,514,0,722
60,19,618,558,0,722
60,20,618,604,0,722
60,21,618,652,0,722
60,22,618,697,0,722
60,23,618,740,0,722
60,24,619,782,0,722
60,25,618,825,0,722
60,26,618,866,0,721
60,27,618,910,0,722
60,28,618,953,0,722
60,29,618,987,0,722
61,0,618,1017,0,722
61,1,618,1023,0,722
61,2,618,1023,0,723
61,3,618,1023,0,723
61,4,618,1023,0,722
61,5,618,1023,0,723
61,6,619,1022,0,722
61,7,618,1023,0,722
61,8,618,1023,0,722
61,9,618,1023,0,723
61,10,618,1023,0,722
61,11,618,1023,0,722
61,12,619,1022,0,723
61,13,618,1023,43,722
61,14,619,1023,106,722
61,15,618,1023,181,722
61,16,618,1023,253,722
61,17,618,1023,321,722
61,18,618,1023,376,722
61,19,618,1022,402,722
61,20,618,1023,393,723
61,21,618,1023,363,722
61,22,618,1023,319,722
61,23,618,1023,256,723
61,24,618,1023,193,722
61,25,618,1023,130,722
61,26,618,1022,76,722
61,27,618,1023,37,723
61,28,618,1023,2,722
61,29,618,1023,0,722
62,0,618,1023,0,723
62,1,618,1023,0,722
62,2,618,1023,0,723
62,3,618,1023,0,722
62,4,618,1022,0,722
62,5,618,1022,0,722
62,6,618,1023,0,722
62,7,618,1023,0,723
62,8,618,1023,0,723
62,9,618,1022,24,722
62,10,618,1023,45,723
62,11,618,1022,50,722
62,12,618,1023,49,723
62,13,618,1023,50,723
62,14,618,1023,49,722
62,15,618,1023,49,722
62,16,618,1023,50,723
62,17,618,1023,50,722
62,18,618,1023,50,722
62,19,618,1023,49,722
62,20,618,1023,50,722
62,21,618,1023,49,722
62,22,618,1022,49,722
62,23,618,1023,49,722
62,24,618,1023,50,723
62,25,618,1023,50,722
62,26,618,1023,50,722
62,27,618,1023,49,722
62,28,618,1023,50,722
62,29,618,1023,50,722
63,0,618,1023,50,722
63,1,618,1023,50,722
63,2,618,1023,49,722
63,3,618,1023,50,722
63,4,618,1022,50,722
63,5,618,1023,49,722
63,6,618,1022,50,722
63,7,618,1023,49,723
63,8,618,1023,49,722
63,9,618,1023,50,722
63,10,618,1022,49,722
63,11,618,1023,49,723
63,12,618,1023,49,723
63,13,618,1023,49,722
63,14,618,1023,49,722
63,15,618,1023,50,722
63,16,618,1023,49,722
63,17,618,1023,49,722
63,18,618,1023,49,722
63,19,618,1023,49,722
63,20,618,1022,50,723
63,21,618,1022,50,722
63,22,618,1023,49,722
63,23,618,1023,50,722
63,24,618,1023,50,722
63,25,618,1023,50,722
63,26,618,1023,50,722
63,27,618,1023,49,722
63,28,618,1023,50,722
63,29,618,1023,49,722
64,0,618,1023,50,722
64,1,618,1023,49,722
64,2,618,1023,49,723
64,3,618,1022,50,722
64,4,618,1023,50,722
64,5,618,1023,50,722
64,6,618,1023,50,722
64,7,618,1023,50,723
64,8,619,1023,50,723
64,9,618,1023,50,723
64,10,618,1023,49,722
64,11,618,1023,49,722
64,12,618,1023,50,722
64,13,618,1023,49,723
64,14,618,1023,50,722
64,15,618,1023,50,722
64,16,618,1022,49,722
64,17,619,1023,49,722
64,18,618,1023,49,722
64,19,618,1023,49,722
64,20,619,1023,50,722
64,21,618,1023,50,722
64,22,619,1023,50,722
64,23,618,1023,50,722
64,24,618,1023,49,722
64,25,619,1023,49,723
64,26,618,1023,49,723
64,27,619,1023,49,722
64,28,618,1023,49,722
64,29,618,1023,49,722
65,0,618,1023,49,722
65,1,618,1023,49,722
65,2,618,1023,49,723
65,3,619,1023,50,722
65,4,618,1023,49,722
65,5,618,1023,49,722
65,6,618,1023,50,722
65,7,618,1023,50,722
65,8,619,1022,50,722
65,9,618,1023,50,722
65,10,618,1023,50,723
65,11,618,1023,49,722
65,12,618,1023,50,722
65,13,618,1023,49,722
65,14,618,1023,49,722
65,15,618,1023,49,722
65,16,618,1023,49,722
65,17,619,1023,50,722
65,18,618,1023,50,722
65,19,618,1023,50,722
65,20,618,1023,50,722
65,21,619,1022,50,722
65,22,618,1023,49,722
65,23,619,1023,50,722
65,24,618,1023,50,722
65,25,619,1023,50,722
65,26,618,1023,49,723
65,27,618,1023,50,722
65,28,618,1023,50,722
65,29,618,1023,49,723
66,0,618,1022,50,722
66,1,618,1023,50,722
66,2,618,1022,49,722
66,3,618,1023,50,722
66,4,618,1023,50,722
66,5,619,1023,50,722
66,6,618,1022,49,722
66,7,618,1023,49,722
66,8,618,1022,50,722
66,9,618,1023,49,722
66,10,618,1023,50,722
66,11,618,1023,49,722
66,12,618,1023,50,722
66,13,618,1023,50,722
66,14,618,1023,49,722
66,15,618,1023,50,722
66,16,619,1023,49,722
66,17,618,1023,50,722
66,18,618,1023,49,722
66,19,618,1023,50,722
66,20,619,1023,50,722
66,21,619,1023,49,722
66,22,618,1023,49,723
66,23,618,1023,50,723
66,24,618,1023,49,722
66,25,619,1023,50,722
66,26,619,1023,50,722
66,27,618,1023,50,722
66,28,619,1023,49,722
66,29,618,1023,50,723
67,0,618,1023,49,722
67,1,618,1023,49,722
67,2,618,1023,50,722
67,3,618,1023,50,722
67,4,619,1023,50,723
67,5,618,1023,50,722
67,6,619,1023,49,722
67,7,618,1023,50,722
67,8,618,1023,49,722
67,9,618,1023,50,723
67,10,619,1023,50,722
67,11,618,1023,50,722
67,12,618,1023,50,722
67,13,618,1023,50,722
67,14,618,1023,50,722
67,15,618,1023,49,723
67,16,618,1023,49,722
67,17,619,1023,50,722
67,18,618,1023,49,722
67,19,619,1023,50,722
67,20,618,1023,49,723
67,21,618,1023,50,722
67,22,618,1023,50,722
67,23,618,1023,50,722
67,24,619,1023,50,722
67,25,619,1023,50,722
67,26,619,1023,50,722
67,27,618,1022,50,723
67,28,618,1023,49,722
67,29,618,1023,49,722
68,0,618,1023,50,722
68,1,619,1023,50,722
68,2,618,1023,50,722
68,3,618,1022,50,722
68,4,619,1023,49,722
68,5,618,1023,50,722
68,6,619,1023,50,722
68,7,619,1023,50,722
68,8,618,1023,49,722
68,9,618,1022,49,722
68,10,619,1023,49,722
68,11,618,1022,50,723
68,12,619,1023,50,723
68,13,619,1023,49,723
68,14,618,1023,50,723
68,15,619,1023,49,722
68,16,618,1022,50,722
68,17,619,1023,50,722
68,18,618,1022,50,722
68,19,619,1023,50,722
68,20,619,1023,50,722
68,21,619,1023,50,722
68,22,618,1023,50,722
68,23,618,1023,50,722
68,24,618,1023,50,722
68,25,618,1023,50,723
68,26,618,1023,49,723
68,27,619,1022,50,722
68,28,618,1023,50,722
68,29,618,1023,49,722
69,0,618,1023,50,722
69,1,618,1023,49,722
69,2,619,1023,49,722
69,3,618,1023,50,722
69,4,619,1023,50,723
69,5,619,1023,50,722
69,6,618,1023,50,722
69,7,619,1023,49,722
69,8,618,1023,49,722
69,9,619,1023,50,722
69,10,618,1023,50,722
69,11,618,1023,49,722
69,12,618,1023,49,722
69,13,618,1023,50,722
69,14,618,1023,50,722
69,15,619,1023,49,722
69,16,618,1023,50,722
69,17,618,1023,50,722
69,18,618,1023,49,722
69,19,619,1023,50,722
69,20,618,1023,49,722
69,21,618,1023,49,722
69,22,618,1023,50,722
69,23,618,1023,50,722
69,24,618,1023,49,722
69,25,618,1023,49,722
69,26,618,1023,50,722
69,27,618,1023,49,722
69,28,618,1023,50,722
69,29,618,1023,49,723
70,0,618,1023,50,722
70,1,618,1023,50,722
70,2,618,1023,50,722
70,3,618,1023,49,723
70,4,618,1023,50,722
70,5,618,1023,50,722
70,6,618,1023,50,722
70,7,618,1023,50,722
70,8,619,1023,50,722
70,9,619,1023,49,722
70,10,618,1023,50,722
70,11,618,1023,50,722
70,12,618,1023,50,723
70,13,618,1023,50,722
70,14,618,1023,49,721
70,15,618,1023,49,722
70,16,618,1023,50,722
70,17,619,1023,49,722
70,18,619,1023,50,722
70,19,619,1023,50,722
70,20,618,1023,49,722
70,21,618,1023,49,722
70,22,618,1023,50,722
70,23,618,1023,50,722
70,24,618,1023,49,722
70,25,618,1023,50,722
70,26,618,1022,50,722
70,27,618,1023,49,722
70,28,618,1023,50,722
70,29,618,1022,49,722
71,0,618,1023,50,722
71,1,618,1023,49,722
71,2,618,1023,49,722
71,3,618,1023,50,722
71,4,618,1022,50,722
71,5,618,1022,49,723
71,6,618,1023,49,722
71,7,618,1023,49,722
71,8,619,1022,49,722
71,9,618,1023,49,722
71,10,618,1023,49,722
71,11,618,1023,50,722
71,12,619,1023,50,722
71,13,619,1023,50,722
71,14,619,1023,50,722
71,15,618,1022,49,722
71,16,618,1023,49,722
71,17,618,1023,49,722
71,18,618,1023,50,723
71,19,618,1023,50,722
71,20,618,1023,50,722
71,21,619,1023,49,723
71,22,618,1023,50,722
71,23,619,1023,50,722
71,24,618,1023,50,722
71,25,619,1023,50,722
71,26,618,1023,50,722
71,27,618,1023,49,722
71,28,618,1022,49,722
71,29,618,1023,49,722
72,0,618,1023,49,722
72,1,618,1023,50,722
72,2,618,1023,49,722
72,3,618,1023,49,722
72,4,618,1023,50,722
72,5,618,1023,49,722
72,6,618,1023,50,722
72,7,618,1023,49,722
72,8,618,1022,49,722
72,9,618,1023,49,722
72,10,618,1023,50,722
72,11,618,1023,49,722
72,12,618,1023,50,722
72,13,618,1022,50,723
72,14,618,1022,50,722
72,15,618,1023,50,722
72,16,618,1023,50,722
72,17,618,1023,50,723
72,18,618,1023,49,722
72,19,618,1023,50,722
72,20,618,1023,50,722
72,21,618,1023,50,722
72,22,618,1023,50,722
72,23,618,1023,50,722
72,24,618,1023,49,722
72,25,618,1023,50,723
72,26,618,1023,50,722
72,27,618,1023,50,722
72,28,618,1023,50,722
72,29,619,1023,50,723
73,0,618,1023,50,722
73,1,618,1023,50,723
73,2,618,1023,49,722
73,3,618,1023,50,722
73,4,618,1023,49,722
73,5,618,1023,50,722
73,6,619,1023,50,722
73,7,618,1023,50,723
73,8,618,1023,49,722
73,9,618,1023,50,722
73,10,618,1022,49,722
73,11,618,1022,50,722
73,12,618,1022,49,722
73,13,618,1023,50,722
73,14,618,1022,50,722
73,15,618,1022,50,722
73,16,618,1022,50,722
73,17,618,1023,50,722
73,18,618,1023,50,722
73,19,618,1022,50,723
73,20,618,1023,49,722
73,21,618,1023,50,722
73,22,619,1023,49,722
73,23,618,1023,50,722
73,24,618,1023,49,722
73,25,619,1023,49,722
73,26,618,1023,50,722
73,27,618,1023,50,722
73,28,618,1023,50,722
73,29,618,1023,50,722
74,0,618,1023,50,722
74,1,618,1023,49,722
74,2,619,1023,49,722
74,3,618,1023,50,723
74,4,618,1023,50,722
74,5,618,1023,50,722
74,6,618,1022,50,722
74,7,618,1023,49,722
74,8,618,1023,49,722
74,9,618,1023,50,722
74,10,618,1023,50,722
74,11,618,1023,49,722
74,12,618,1023,50,723
74,13,618,1023,50,722
74,14,618,1023,50,722
74,15,618,1023,50,722
74,16,618,1023,50,722
74,17,618,1023,50,722
74,18,618,1023,49,723
74,19,618,1023,50,722
74,20,618,1023,50,722
74,21,618,1022,49,722
74,22,618,1023,50,722
74,23,618,1023,49,722
74,24,619,1023,50,722
74,25,618,1023,50,722
74,26,619,1023,49,722
74,27,619,1022,50,722
74,28,618,1023,49,722
74,29,618,1023,50,722
75,0,618,1023,50,722
75,1,618,1023,50,722
75,2,618,1023,50,722
75,3,618,1023,50,722
75,4,619,1023,50,723
75,5,618,1023,50,722
75,6,618,1023,49,722
75,7,619,1023,49,722
75,8,619,1023,49,723
75,9,618,1023,49,722
75,10,618,1023,50,723
75,11,618,1023,49,722
75,12,618,1023,49,723
75,13,618,1023,50,722
75,14,618,1023,50,722
75,15,618,1023,50,722
75,16,618,1023,49,722
75,17,618,1022,49,722
75,18,618,1023,50,723
75,19,618,1022,50,722
75,20,618,1023,49,722
75,21,618,1023,49,722
75,22,619,1023,50,722
75,23,618,1023,49,722
75,24,618,1023,50,722
75,25,618,1023,50,722
75,26,618,1023,50,722
75,27,618,1023,50,722
75,28,618,1023,50,723
75,29,618,1023,49,722
76,0,618,1023,50,722
76,1,618,1023,49,722
76,2,618,1023,49,722
76,3,618,1023,50,722
76,4,619,1023,50,722
76,5,619,1022,50,722
76,6,618,1023,49,723
76,7,618,1023,50,722
76,8,618,1023,49,722
76,9,618,1023,49,722
76,10,618,1023,49,722
76,11,618,1023,49,722
76,12,618,1023,50,722
76,13,618,1022,49,722
76,14,618,1022,50,722
76,15,618,1022,50,722
76,16,618,1023,50,722
76,17,618,1023,50,722
76,18,618,1023,49,722
76,19,618,1023,49,722
76,20,618,1022,50,722
76,21,618,1023,49,722
76,22,619,1023,49,722
76,23,618,1023,50,722
76,24,618,1023,50,722
76,25,618,1023,49,722
76,26,618,1023,50,723
76,27,618,1023,50,722
76,28,618,1023,49,722
76,29,618,1023,49,722
77,0,618,1023,50,722
77,1,618,1023,50,723
77,2,618,1023,49,722
77,3,618,1023,49,722
77,4,618,1023,50,722
77,5,618,1023,50,722
77,6,618,1023,50,722
77,7,618,1023,50,722
77,8,618,1022,50,722
77,9,618,1023,49,722
77,10,618,1023,50,722
77,11,618,1023,50,723
77,12,618,1023,49,723
77,13,618,1023,50,722
77,14,618,1023,50,722
77,15,618,1023,50,722
77,16,618,1023,49,722
77,17,618,1023,50,722
77,18,618,1023,49,722
77,19,618,1023,50,723
77,20,618,1023,49,722
77,21,619,1023,50,722
77,22,618,1023,50,722
77,23,618,1023,50,722
77,24,618,1023,50,722
77,25,619,1023,49,722
77,26,619,1023,50,722
77,27,618,1023,49,722
77,28,618,1023,50,723
77,29,618,1023,50,722
78,0,618,1023,50,722
78,1,618,1023,50,723
78,2,618,1023,50,722
78,3,618,1022,49,722
78,4,618,1023,49,722
78,5,618,1023,50,722
78,6,618,1022,50,722
78,7,618,1023,49,722
78,8,619,1023,49,722
78,9,618,1023,50,722
78,10,618,1023,49,722
78,11,618,1023,50,722
78,12,618,1023,49,722
78,13,618,1023,50,722
78,14,618,1023,50,722
78,15,618,1023,50,723
78,16,618,1023,50,722
78,17,618,1023,49,723
78,18,618,1023,50,722
78,19,618,1023,50,722
78,20,618,1023,49,722
78,21,618,1022,50,722
78,22,618,1023,49,722
78,23,618,1023,50,722
78,24,618,1023,49,722
78,25,618,1023,50,723
78,26,618,1023,49,722
78,27,618,1023,50,722
78,28,618,1023,50,722
78,29,618,1023,50,722
79,0,619,1023,49,722
79,1,619,1023,50,722
79,2,618,1022,50,722
79,3,618,1022,49,722
79,4,618,1023,49,722
79,5,618,1023,49,722
79,6,618,1023,49,722
79,7,619,1022,50,722
79,8,618,1023,50,722
79,9,618,1023,50,722
79,10,618,1023,49,722
79,11,618,1023,49,723
79,12,618,1023,50,722
79,13,618,1023,49,722
79,14,618,1023,50,722
79,15,618,1023,49,722
79,16,618,1023,50,722
79,17,618,1023,50,722
79,18,618,1023,50,722
79,19,618,1023,49,722
79,20,619,1023,49,722
79,21,618,1023,50,722
79,22,618,1023,50,722
79,23,618,1023,50,722
79,24,618,1022,49,722
79,25,618,1023,49,722
79,26,618,1023,50,722
79,27,618,1023,49,722
79,28,618,1023,49,722
79,29,618,1023,50,722
80,0,619,1023,49,722
80,1,618,1023,50,722
80,2,618,1023,50,722
80,3,618,1023,50,722
80,4,618,1023,50,722
80,5,618,1022,50,722
80,6,618,1023,50,722
80,7,618,1023,50,722
80,8,619,1023,49,722
80,9,618,1023,49,722
80,10,618,1023,50,722
80,11,618,1022,49,722
80,12,618,1023,50,722
80,13,618,1023,49,722
80,14,618,1023,50,722
80,15,618,1022,49,722
80,16,618,1023,49,722
80,17,619,1023,50,722
80,18,618,1023,50,722
80,19,618,1023,50,722
80,20,618,1023,49,722
80,21,618,1023,49,722
80,22,618,1023,50,722
80,23,618,1023,49,722
80,24,618,1023,49,722
80,25,619,1023,49,722
80,26,618,1023,50,722
80,27,618,1023,50,722
80,28,618,1023,49,722
80,29,618,1023,49,722
81,0,618,1023,50,722
81,1,618,1023,50,722
81,2,618,1023,49,722
81,3,618,1023,49,722
81,4,618,1023,50,722
81,5,618,1023,50,722
81,6,618,1023,50,722
81,7,618,1023,50,722
81,8,618,1023,50,722
81,9,618,1023,49,722
81,10,618,1023,50,722
81,11,618,1023,49,722
81,12,618,1023,50,722
81,13,618,1023,50,722
81,14,618,1023,50,722
81,15,618,1023,49,722
81,16,619,1023,49,722
81,17,618,1023,50,722
81,18,618,1023,49,722
81,19,618,1023,50,722
81,20,618,1023,50,722
81,21,618,1023,49,723
81,22,619,1023,49,722
81,23,618,1023,50,722
81,24,618,1022,50,722
81,25,618,1023,49,722
81,26,618,1023,49,722
81,27,618,1023,49,723
81,28,618,1023,50,722
81,29,618,1023,50,722
82,0,618,1023,49,722
82,1,618,1022,50,722
82,2,618,1023,50,723
82,3,618,1023,50,723
82,4,618,1023,49,722
82,5,618,1023,50,729
82,6,618,1023,50,748
82,7,618,1023,49,777
82,8,618,1023,49,811
82,9,619,1022,49,847
82,10,618,1023,49,876
82,11,619,1023,50,901
82,12,618,1023,50,924
82,13,618,1023,50,947
82,14,618,1023,49,972
82,15,618,1023,50,999
82,16,618,1023,50,1023
82,17,619,1023,50,1023
82,18,618,1023,49,1023
82,19,618,1023,50,1023
82,20,619,1023,50,1023
82,21,618,1022,50,1023
82,22,618,1023,49,1023
82,23,618,1023,50,1023
82,24,618,1023,50,1023
82,25,618,1023,50,1020
82,26,618,1023,49,974
82,27,618,1023,50,926
82,28,618,1023,50,875
82,29,618,1023,50,825
83,0,618,1023,49,765
83,1,618,1023,50,696
83,2,618,1023,50,614
83,3,618,1023,49,527
83,4,618,1023,49,449
83,5,619,1023,50,379
83,6,618,1023,50,317
83,7,618,1023,50,256
83,8,618,1023,49,202
83,9,618,1023,49,158
83,10,618,1023,49,125
83,11,618,1023,50,104
83,12,618,1022,50,102
83,13,618,1023,50,111
83,14,618,1022,49,143
83,15,618,1023,50,191
83,16,618,1023,50,240
83,17,618,1023,50,299
83,18,618,1023,50,365
83,19,618,1023,50,431
83,20,618,1022,50,492
83,21,618,1023,50,544
83,22,618,1023,50,594
83,23,618,1023,50,638
83,24,618,1022,49,672
83,25,618,1023,49,689
83,26,618,1023,50,692
83,27,618,1023,50,691
83,28,618,1023,50,691
83,29,618,1023,49,692
84,0,618,1023,49,692
84,1,618,1023,50,692
84,2,618,1023,49,692
84,3,618,1022,49,692
84,4,618,1022,50,691
84,5,618,1023,37,692
84,6,618,1023,0,691
84,7,618,1023,0,691
84,8,619,1023,0,692
84,9,618,1023,0,692
84,10,618,1023,0,691
84,11,618,1023,0,691
84,12,618,1023,0,692
84,13,619,1023,0,691
84,14,618,1023,0,692
84,15,618,1023,0,691
84,16,618,1023,0,691
84,17,618,1023,54,692
84,18,618,1023,118,692
84,19,618,1022,180,692
84,20,618,1023,244,691
84,21,618,1022,309,691
84,22,618,1023,367,691
84,23,618,1023,430,691
84,24,618,1023,495,691
84,25,618,1023,561,692
84,26,618,1023,630,692
84,27,618,1023,692,691
84,28,618,1023,725,692
84,29,618,1022,734,691
85,0,618,1022,733,691
85,1,618,1022,715,692
85,2,618,1023,671,692
85,3,618,1023,615,691
85,4,618,1023,555,692
85,5,619,1023,486,691
85,6,618,1023,414,691
85,7,618,1023,348,691
85,8,618,1023,314,691
85,9,618,1023,312,691
85,10,618,1023,311,691
85,11,618,1023,312,692
85,12,618,1023,312,691
85,13,618,1022,311,691
85,14,618,1023,312,692
85,15,619,1023,312,691
85,16,618,1023,312,691
85,17,618,1023,312,691
85,18,618,1023,312,691
85,19,618,1023,312,691
85,20,619,1023,312,691
85,21,618,1023,312,691
85,22,618,1023,312,692
85,23,618,1022,311,691
85,24,618,1023,311,692
85,25,618,1023,311,691
85,26,619,1023,312,692
85,27,618,1022,312,691
85,28,619,1023,312,691
85,29,618,1023,312,691
86,0,618,1023,312,692
86,1,618,1023,312,692
86,2,618,1023,311,691
86,3,618,1023,312,691
86,4,618,1023,312,691
86,5,618,1023,312,692
86,6,618,1023,312,692
86,7,618,1023,312,691
86,8,618,1023,312,692
86,9,619,1023,312,691
86,10,618,1023,312,692
86,11,618,961,312,691
86,12,618,875,312,691
86,13,618,785,312,692
86,14,619,688,312,692
86,15,618,569,312,692
86,16,618,455,311,691
86,17,618,365,312,691
86,18,618,298,311,692
86,19,618,239,311,691
86,20,618,193,311,692
86,21,618,164,312,691
86,22,618,159,312,691
86,23,618,166,312,691
86,24,618,209,312,691
86,25,618,283,312,691
86,26,618,372,312,691
86,27,618,467,311,691
86,28,619,556,312,691
86,29,618,642,312,691
87,0,618,721,311,691
87,1,618,796,312,691
87,2,618,862,312,691
87,3,618,894,312,691
87,4,618,896,312,692
87,5,618,896,312,692
87,6,618,896,312,691
87,7,618,896,312,692
87,8,619,896,312,692
87,9,618,896,312,692
87,10,618,897,312,692
87,11,619,897,312,692
87,12,614,896,312,691
87,13,608,896,312,691
87,14,609,896,312,691
87,15,608,896,312,691
87,16,608,896,311,691
87,17,608,896,312,692
87,18,606,896,312,691
87,19,621,896,312,691
87,20,669,896,312,691
87,21,748,897,312,692
87,22,831,896,312,691
87,23,925,896,311,692
87,24,1023,896,312,692
87,25,1023,896,312,691
87,26,1023,896,311,691
87,27,1023,896,312,691
87,28,1023,896,312,692
87,29,1023,896,312,691
88,0,915,896,312,691
88,1,763,897,312,691
88,2,595,897,312,692
88,3,465,896,312,692
88,4,365,896,312,691
88,5,277,896,312,692
88,6,220,897,312,691
88,7,206,896,312,691
88,8,206,896,312,692
88,9,206,896,312,692
88,10,205,896,312,691
88,11,206,896,312,691
88,12,206,896,312,691
88,13,206,896,312,691
88,14,206,896,312,691
88,15,206,896,312,692
88,16,206,896,312,691
88,17,206,897,312,692
88,18,206,896,308,691
88,19,206,897,265,691
88,20,206,896,169,691
88,21,206,896,56,691
88,22,206,896,0,691
88,23,206,896,0,691
88,24,206,896,0,692
88,25,206,896,0,692
88,26,206,896,0,692
88,27,206,896,0,692
88,28,206,896,1,692
88,29,206,896,80,692
89,0,206,896,169,692
89,1,206,896,246,691
89,2,206,896,297,692
89,3,206,896,301,692
89,4,206,896,301,691
89,5,206,896,301,691
89,6,206,896,301,692
89,7,206,896,301,691
89,8,206,896,301,692
89,9,206,897,301,692
89,10,206,896,301,692
89,11,206,896,301,691
89,12,206,896,301,691
89,13,206,896,301,692
89,14,206,896,301,692
89,15,206,896,301,692
89,16,206,896,301,691
89,17,206,897,301,691
89,18,206,896,301,691
89,19,206,896,301,691
89,20,206,896,301,691
89,21,206,896,301,692
89,22,206,896,301,692
89,23,206,896,301,692
89,24,206,896,301,691
89,25,206,896,301,692
89,26,206,896,301,691
89,27,206,896,301,691
89,28,206,896,301,692
89,29,206,897,301,691
90,0,206,896,301,691
90,1,206,896,301,692
90,2,206,896,301,692
90,3,206,897,301,692
90,4,206,896,300,692
90,5,206,897,301,692
90,6,206,896,301,691
90,7,206,896,301,692
90,8,206,896,301,692
90,9,206,896,301,692
90,10,206,896,301,691
90,11,206,896,301,691
90,12,206,896,301,692
90,13,206,897,301,691
90,14,206,896,301,691
90,15,206,896,301,692
90,16,206,896,301,692
90,17,206,896,301,692
90,18,207,896,301,691
90,19,206,896,301,691
90,20,206,896,301,691
90,21,207,896,301,691
90,22,206,897,301,691
90,23,206,896,301,691
90,24,206,896,301,692
90,25,206,896,301,692
90,26,206,896,301,691
90,27,207,897,301,692
90,28,207,896,301,691
90,29,206,896,301,691
91,0,206,896,301,692
91,1,206,896,301,692
91,2,206,896,301,692
91,3,207,896,301,691
91,4,206,897,301,691
91,5,206,896,301,691
91,6,206,897,301,692
91,7,206,896,301,692
91,8,206,896,300,692
91,9,207,897,301,691
91,10,206,896,301,691
91,11,206,897,301,692
91,12,206,896,301,692
91,13,206,896,301,692
91,14,206,896,301,692
91,15,206,897,301,692
91,16,207,896,301,692
91,17,206,896,301,691
91,18,206,896,301,691
91,19,206,896,301,691
91,20,206,896,301,692
91,21,206,897,301,692
91,22,206,897,301,692
91,23,206,896,301,692
91,24,206,896,301,692
91,25,206,896,301,691
91,26,206,896,301,692
91,27,206,896,301,692
91,28,206,897,301,691
91,29,206,897,301,691
92,0,206,897,301,692
92,1,206,897,301,692
92,2,206,896,301,692
92,3,206,896,301,691
92,4,206,896,301,692
92,5,207,897,301,692
92,6,206,896,301,691
92,7,206,896,301,691
92,8,206,896,301,691
92,9,206,896,301,692
92,10,206,896,301,692
92,11,206,896,300,692
92,12,206,896,301,691
92,13,206,896,301,692
92,14,207,896,301,692
92,15,206,896,301,691
92,16,206,896,301,691
92,17,206,896,301,692
92,18,206,896,301,691
92,19,206,897,301,692
92,20,206,896,301,692
92,21,207,896,301,692
92,22,207,896,301,692
92,23,207,896,300,692
92,24,207,897,301,691
92,25,206,896,301,691
92,26,206,896,301,692
92,27,206,896,301,692
92,28,206,896,301,692
92,29,206,896,301,692
93,0,206,896,301,691
93,1,206,896,301,691
93,2,207,896,301,692
93,3,206,896,301,691
93,4,206,896,301,691
93,5,206,896,301,691
93,6,206,897,301,691
93,7,206,896,301,692
93,8,206,896,300,692
93,9,206,896,301,691
93,10,206,896,301,691
93,11,207,896,301,691
93,12,206,896,301,692
93,13,206,896,301,692
93,14,206,897,301,691
93,15,206,896,301,692
93,16,206,896,301,692
93,17,206,896,301,692
93,18,206,896,301,691
93,19,206,896,301,692
93,20,206,896,301,691
93,21,206,896,301,692
93,22,206,897,301,692
93,23,206,896,301,691
93,24,206,896,301,692
93,25,206,896,301,692
93,26,206,896,301,692
93,27,207,896,301,692
93,28,206,896,301,691
93,29,206,896,301,691
94,0,206,897,301,691
94,1,207,896,301,692
94,2,206,896,301,692
94,3,207,896,301,692
94,4,206,896,301,692
94,5,206,896,301,691
94,6,206,896,301,692
94,7,206,896,301,692
94,8,207,896,301,691
94,9,206,896,301,691
94,10,206,896,301,692
94,11,206,897,301,692
94,12,206,896,301,692
94,13,206,896,301,692
94,14,206,896,301,691
94,15,206,896,301,691
94,16,206,897,301,692
94,17,206,896,301,692
94,18,206,896,301,692
94,19,206,896,301,691
94,20,207,897,301,691
94,21,207,897,301,691
94,22,206,896,301,692
94,23,206,896,301,692
94,24,206,896,301,691
94,25,206,896,301,691
94,26,206,896,301,691
94,27,207,896,301,691
94,28,206,896,301,692
94,29,206,896,301,692
95,0,206,897,301,691
95,1,206,897,301,691
95,2,206,896,301,691
95,3,206,896,301,692
95,4,206,896,301,691
95,5,206,896,301,691
95,6,206,896,301,691
95,7,206,896,301,691
95,8,206,896,301,691
95,9,206,896,301,692
95,10,206,896,301,691
95,11,206,896,301,692
95,12,207,896,301,692
95,13,206,896,301,692
95,14,207,896,301,692
95,15,206,896,301,691
95,16,207,896,301,691
95,17,206,896,301,692
95,18,206,896,301,691
95,19,206,896,301,691
95,20,206,896,301,691
95,21,206,896,301,691
95,22,206,896,301,692
95,23,206,897,301,691
95,24,206,896,301,691
95,25,206,896,301,691
95,26,206,896,301,692
95,27,206,896,301,691
95,28,206,896,301,692
95,29,206,896,301,692
96,0,206,896,301,692
96,1,206,896,301,692
96,2,206,896,301,692
96,3,206,897,301,691
96,4,206,897,301,692
96,5,206,897,301,692
96,6,206,896,301,692
96,7,206,896,301,692
96,8,206,896,301,691
96,9,206,896,301,692
96,10,206,896,301,692
96,11,206,896,301,691
96,12,206,896,301,692
96,13,206,896,301,691
96,14,206,897,301,692
96,15,206,896,301,692
96,16,206,896,301,692
96,17,207,896,301,691
96,18,206,896,301,692
96,19,206,897,300,691
96,20,206,896,301,692
96,21,206,896,301,691
96,22,207,897,301,691
96,23,206,897,301,692
96,24,206,896,301,691
96,25,206,896,301,692
96,26,206,896,301,691
96,27,207,896,301,691
96,28,207,896,301,692
96,29,206,896,301,691
97,0,207,896,301,692
97,1,206,896,301,691
97,2,207,896,301,691
97,3,206,896,301,691
97,4,206,897,301,692
97,5,206,896,301,691
97,6,207,897,301,691
97,7,206,896,301,692
97,8,206,896,301,692
97,9,206,896,301,692
97,10,206,896,301,692
97,11,207,896,301,692
97,12,206,896,301,691
97,13,206,896,301,691
97,14,206,897,301,691
97,15,206,896,301,692
97,16,206,896,301,691
97,17,206,896,301,692
97,18,206,896,301,692
97,19,206,896,301,691
97,20,206,896,301,692
97,21,206,897,301,691
97,22,206,896,301,692
97,23,206,896,301,691
97,24,206,896,301,692
97,25,206,896,301,691
97,26,206,896,301,692
97,27,207,896,301,691
97,28,206,896,301,691
97,29,206,896,301,691
98,0,206,896,301,691
98,1,206,896,301,692
98,2,207,896,301,691
98,3,206,896,301,691
98,4,206,896,301,691
98,5,207,896,301,692
98,6,206,896,301,692
98,7,206,896,301,692
98,8,206,896,301,691
98,9,206,896,301,692
98,10,206,896,301,691
98,11,206,896,301,691
98,12,206,896,301,691
98,13,207,896,301,692
98,14,207,896,301,692
98,15,206,897,301,691
98,16,207,896,301,691
98,17,206,896,301,692
98,18,206,896,301,692
98,19,206,896,301,692
98,20,206,896,301,692
98,21,206,896,301,692
98,22,206,897,301,691
98,23,207,897,301,691
98,24,206,896,301,691
98,25,206,896,301,692
98,26,206,896,301,692
98,27,206,896,301,692
98,28,206,896,301,692
98,29,206,896,301,692
99,0,206,896,301,691
99,1,206,896,301,692
99,2,206,896,301,692
99,3,206,896,301,691
99,4,206,896,301,691
99,5,206,896,301,691
99,6,206,896,301,692
99,7,206,896,301,691
99,8,206,896,301,692
99,9,206,896,301,691
99,10,206,896,301,692
99,11,206,896,301,691
99,12,206,896,301,691
99,13,206,896,301,692
99,14,206,896,301,692
99,15,206,896,301,692
99,16,206,896,301,692
99,17,206,897,301,692
99,18,206,896,301,691
99,19,206,896,301,692
99,20,206,896,301,692
99,21,206,896,301,691
99,22,206,896,301,692
99,23,206,896,301,691
99,24,206,896,301,692
99,25,206,896,301,691
99,26,206,896,301,691
99,27,206,896,301,691
99,28,206,896,301,691
99,29,207,896,301,692
